<?xml version="1.0" encoding="UTF-8" standalone="yes"?>
<addon id="plugin.program.smcwizard" name="SMC Wizard" version="18.0.001" provider-name="SMC">
  <requires>
    <import addon="xbmc.python" version="2.1.0"/>
  </requires>
  <extension point="xbmc.python.pluginsource" library="default.py">
    <provides>executable</provides>
  </extension>
  <extension point="xbmc.service" library="startup.py" start="startup" />
  <extension point="xbmc.addon.metadata">
    <summary lang="en">SMC Wizard</summary>
    <description lang="en">A Kodi build meant for the XBOX One.</description>
    <platform>all</platform>
  </extension>
</addon>